MapID,UnkFlag,Unk5,X,Z,Y
./temp/6_00000000.bin,,,,,
BLACK_CITY_GATE_N,0,0,808,0,152
BLACK_CITY_GATE_W,1,0,152,0,808
BLACK_CITY_PC,0,0,680,0,600
BLACK_CITY_HOUSE,0,0,680,0,744
BLACK_CITY_MARKET,0,0,440,0,680
BLACK_CITY_BLACK_TOWER,0,1,0,11,0
,,,,,
./temp/6_00000001.bin,,,,,
BLACK_CITY,2,0,104,0,312
,,,,,
./temp/6_00000002.bin,,,,,
BLACK_CITY,3,0,104,0,200
,,,,,
./temp/6_00000003.bin,,,,,
,,,,,
./temp/6_00000004.bin,,,,,
,,,,,
./temp/6_00000005.bin,,,,,
BLACK_CITY,4,0,200,0,392
,,,,,
./temp/6_00000006.bin,,,,,
STRIATON_CITY_PC,0,0,12504,0,9400
STRIATON_HOUSE_NE_1F,0,0,12632,0,9512
STRIATON_HOUSE_SE_1F,0,0,12632,0,9592
STRIATON_HOUSE_W_1F,0,0,12392,0,9576
STRIATON_TRAINERS_SCHOOL,0,0,12392,8,9384
STRIATON_GYM,0,0,12616,8,9384
DREAMYARD,2,0,12888,0,9288
,,,,,
./temp/6_00000007.bin,,,,,
STRIATON_CITY,5,0,168,0,312
,,,,,
./temp/6_00000008.bin,,,,,
STRIATON_CITY,0,0,104,0,312
,,,,,
./temp/6_00000009.bin,,,,,
STRIATON_CITY,1,0,104,0,168
STRIATON_CITY_HOUSE_NE_2F,0,0,136,0,40
,,,,,
./temp/6_00000010.bin,,,,,
STRIATON_HOUSE_NE_1F,1,0,168,0,40
,,,,,
./temp/6_00000011.bin,,,,,
STRIATON_CITY,2,0,104,0,168
STRIATON_CITY_HOUSE_SE_2F,0,0,136,0,40
,,,,,
./temp/6_00000012.bin,,,,,
STRIATON_HOUSE_SE_1F,1,0,168,0,40
,,,,,
./temp/6_00000013.bin,,,,,
STRIATON_CITY,3,0,104,0,168
STRIATON_CITY_HOUSE_W_2F,0,0,136,0,40
,,,,,
./temp/6_00000014.bin,,,,,
STRIATON_HOUSE_W_1F,1,0,168,0,40
,,,,,
./temp/6_00000015.bin,,,,,
STRIATON_CITY,4,0,120,0,248
,,,,,
./temp/6_00000016.bin,,,,,
NACRENE_HOUSE_NE,0,0,10520,0,9368
NACRENE_HOUSE_SE,0,0,10536,0,9560
NACRENE_HOUSE_S,0,0,10376,0,9560
NACRENE_HOUSE_SW_R,0,0,10024,0,9560
NACRENE_HOUSE_SW_L,0,0,9944,0,9560
NACRENE_PC,0,0,10200,0,9560
NACRENE_COFFEE_SHOP,0,0,9992,0,9352
NACRENE_HOUSE_SW_R,1,0,10072,32,9512
NACRENE_HOUSE_S,1,0,10424,32,9512
NACRENE_HOUSE_NE,1,0,10568,32,9320
NACRENE_GATE,1,0,10744,0,9576
NACRENE_MUSEUM,0,0,10312,0,9304
,,,,,
./temp/6_00000017.bin,,,,,
NACRENE_CITY,11,0,184,0,456
NACRENE_MUSEUM_BACK,0,0,184,48,40
,,,,,
./temp/6_00000018.bin,,,,,
NACRENE_MUSEUM,1,0,136,0,488
NACRENE_MUSEUM_LENORAS_ROOM,0,0,200,0,152
,,,,,
./temp/6_00000019.bin,,,,,
NACRENE_MUSEUM_BACK,1,0,56,40,312
,,,,,
./temp/6_00000020.bin,,,,,
NACRENE_CITY,5,0,104,0,312
,,,,,
./temp/6_00000021.bin,,,,,
NACRENE_CITY,1,0,88,0,168
,,,,,
./temp/6_00000022.bin,,,,,
NACRENE_CITY,0,0,88,0,168
NACRENE_CITY,9,0,184,48,56
,,,,,
./temp/6_00000023.bin,,,,,
NACRENE_CITY,2,0,88,0,168
NACRENE_CITY,8,0,184,48,56
,,,,,
./temp/6_00000024.bin,,,,,
NACRENE_CITY,3,0,88,0,168
NACRENE_CITY,7,0,184,48,56
,,,,,
./temp/6_00000025.bin,,,,,
NACRENE_CITY,4,0,88,0,168
,,,,,
./temp/6_00000026.bin,,,,,
NACRENE_CITY,6,0,120,32,248
,,,,,
./temp/6_00000027.bin,,,,,
ROUTE_3,0,0,248,0,72
NACRENE_CITY,10,0,24,0,72
,,,,,
./temp/6_00000028.bin,,,,,
CASTELIA_CASTELIA_STREET,0,1,3,0,7
THUMB_PIER,1,1,2,0,65530
CASTELIA_MODE_STREET,3,1,3,25,7
CRUISE_SHIP_DECK,1,1,2,28,65530
PRIME_PIER,1,1,3,25,65531
CASTELIA_NARROW_STREET,3,1,5,26,7
UNITY_PIER,1,1,5,20,65530
CASTELIA_GYM_STREET,1,1,4,25,7
BATTLE_COMPANY,0,1,4,25,65528
SKYARROW_BRIDGE_UNK,1,1,1,2,65535
CASTELIA_PC,0,1,3,8,3
LIBERTY_PIER,0,1,5,9,4
PASSERBY_HQ,0,1,4,17,6
CASTELIA_CASTELIA_STREET,4,1,2,25,7
THUMB_PIER,0,1,1,4,65530
CASTELIA_MODE_STREET,0,1,5,0,7
CRUISE_SHIP_DECK,0,1,3,0,65530
PRIME_PIER,0,1,5,0,65531
CASTELIA_NARROW_STREET,0,1,4,0,7
UNITY_PIER,0,1,4,0,65530
,,,,,
./temp/6_00000029.bin,,,,,
CASTELIA_GYM_STREET,2,0,248,0,328
,,,,,
./temp/6_00000031.bin,,,,,
CASTELIA_CENTRAL_STREET,4,0,216,0,8
CASTELIA_GYM_STREET,0,1,1,5,65533
CASTELIA_NARROW_STREET,2,1,3,6,65535
CASTELIA_MODE_STREET,2,1,5,6,65534
CASTELIA_CASTELIA_STREET,3,1,7,5,65532
,,,,,
./temp/6_00000032.bin,,,,,
CASTELIA_CENTRAL_PLAZA,1,0,152,0,264
CASTELIA_CITY,7,0,152,0,1016
CASTELIA_GYM,0,0,408,0,776
MEDAL_OFFICE,0,0,104,0,520
,,,,,
./temp/6_00000033.bin,,,,,
CASTELIA_GATE_N,0,0,216,0,264
CASTELIA_AMULET_COIN_BUILDING,0,0,168,0,680
CASTELIA_EVIOLITE_BUILDING,0,0,344,0,584
CASTELIA_FOREIGN_LANGUAGE_PARTY_BUILDING,0,0,344,0,696
CASTELIA_CENTRAL_PLAZA,0,0,200,0,1016
,,,,,
./temp/6_00000034.bin,,,,,
CASTELIA_CITY,15,0,200,0,1016
STUDIO_CASTELIA,0,0,360,0,648
CASTELIA_CENTRAL_PLAZA,3,0,200,0,264
CASTELIA_CITY,2,0,264,0,1016
,,,,,
./temp/6_00000035.bin,,,,,
CASTELIA_CITY,0,0,152,0,1016
CASTELIA_GAME_FREAK_BUILDING,0,0,408,0,744
CASTELIA_MASSAGE_BUILDING,0,0,120,0,520
CASTELIA_CENTRAL_PLAZA,4,0,152,0,264
CASTELIA_CITY,13,0,248,0,1016
,,,,,
./temp/6_00000036.bin,,,,,
CASTELIA_CITY,18,0,216,0,1016
CAFE_SONATA,0,0,328,0,744
CASTELIA_CENTRAL_PLAZA,2,0,248,0,472
CASTELIA_CITY,5,0,264,0,1016
,,,,,
./temp/6_00000037.bin,,,,,
CASTELIA_CITY,8,1,1,0,65534
,,,,,
./temp/6_00000038.bin,,,,,
CASTELIA_CITY,19,0,232,0,56
CASTELIA_CITY,6,0,248,0,56
,,,,,
./temp/6_00000039.bin,,,,,
CASTELIA_CITY,17,0,184,0,24
CASTELIA_CITY,4,0,264,0,24
,,,,,
./temp/6_00000040.bin,,,,,
CASTELIA_CITY,16,0,168,0,56
CASTELIA_CITY,3,0,264,0,56
,,,,,
./temp/6_00000041.bin,,,,,
CASTELIA_CITY,14,0,24,4,152
CASTELIA_CITY,1,0,24,4,200
CASTELIA_SEWERS,0,0,296,65520,280
,,,,,
./temp/6_00000042.bin,,,,,
CASTELIA_SEWERS,1,0,168,0,232
,,,,,
./temp/6_00000043.bin,,,,,
CASTELIA_SEWERS,7,0,264,0,456
,,,,,
./temp/6_00000044.bin,,,,,
CASTELIA_CITY,10,0,104,0,312
,,,,,
./temp/6_00000045.bin,,,,,
CASTELIA_CITY,12,0,104,0,200
,,,,,
./temp/6_00000046.bin,,,,,
CASTELIA_MODE_STREET,1,0,136,0,200
,,,,,
./temp/6_00000047.bin,,,,,
CASTELIA_CITY,11,0,104,0,200
,,,,,
./temp/6_00000050.bin,,,,,
CASTELIA_CASTELIA_STREET,1,0,104,0,200
,,,,,
./temp/6_00000052.bin,,,,,
CASTELIA_CENTRAL_STREET,1,0,104,0,200
,,,,,
./temp/6_00000054.bin,,,,,
CASTELIA_CENTRAL_STREET,0,0,72,0,232
ROUTE_4_BLACK,5,0,72,0,24
ROUTE_4_WHITE,5,0,72,0,24
,,,,,
./temp/6_00000055.bin,,,,,
ROYAL_UNOVA,20,0,136,0,392
ROYAL_UNOVA,21,0,152,0,120
ROYAL_UNOVA,14,0,232,0,232
ROYAL_UNOVA,17,0,312,0,232
ROYAL_UNOVA,15,0,312,0,72
ROYAL_UNOVA,16,0,392,0,72
ROYAL_UNOVA,22,0,392,0,392
ROYAL_UNOVA,24,0,552,0,392
ROYAL_UNOVA,26,0,712,0,392
ROYAL_UNOVA,23,0,552,0,168
ROYAL_UNOVA,18,0,648,0,232
ROYAL_UNOVA,19,0,728,0,232
ROYAL_UNOVA,25,0,664,0,24
ROYAL_UNOVA,27,0,808,0,72
ROYAL_UNOVA,2,0,1160,0,120
ROYAL_UNOVA,4,0,1160,0,376
ROYAL_UNOVA,5,0,1256,0,376
ROYAL_UNOVA,3,0,1256,0,120
ROYAL_UNOVA,10,0,1464,0,120
ROYAL_UNOVA,11,0,1560,0,120
ROYAL_UNOVA,0,0,1768,0,120
ROYAL_UNOVA,1,0,1672,0,376
ROYAL_UNOVA,6,0,1880,0,376
ROYAL_UNOVA,9,0,1976,0,120
ROYAL_UNOVA,7,0,2088,0,376
ROYAL_UNOVA,12,0,2184,0,120
ROYAL_UNOVA,8,0,2296,0,376
ROYAL_UNOVA,13,0,2392,0,120
ROYAL_UNOVA,29,0,72,0,232
ROYAL_UNOVA,28,0,1464,0,376
,,,,,
./temp/6_00000056.bin,,,,,
CASTELIA_NARROW_STREET,1,0,72,0,168
,,,,,
./temp/6_00000057.bin,,,,,
CASTELIA_CASTELIA_STREET,2,0,104,0,200
,,,,,
./temp/6_00000059.bin,,,,,
CASTELIA_GYM_STREET,3,0,104,0,200
,,,,,
./temp/6_00000062.bin,,,,,
CASTELIA_CENTRAL_STREET,2,0,104,0,200
,,,,,
./temp/6_00000064.bin,,,,,
CASTELIA_CENTRAL_STREET,3,0,104,0,200
,,,,,
./temp/6_00000066.bin,,,,,
JOIN_AVENUE,2,0,6872,0,7672
NIMBASA_GATE_W,0,0,6152,0,7000
NIMBASA_GATE_E,1,0,7160,0,7000
BIG_STADIUM,0,,,,
,0,6936,1,1,0
NIMBASA_PARK,0,0,6984,16,7368
NIMBASA_PC,0,0,6504,16,7480
MUSICAL_THEATER,0,0,6936,16,6936
GEAR_STATION,8,0,6760,32,7336
NIMBASA_HOUSE_NW,0,0,6392,16,7288
SMALL_COURT,0,0,6296,16,6936
NIMBASA_HOUSE_NE,1,0,6504,16,7288
NIMBASA_HOUSE_SW,0,0,6392,16,7480
,,,,,
./temp/6_00000067.bin,,,,,
NIMBASA_PARK,1,0,232,32,968
,,,,,
./temp/6_00000068.bin,,,,,
NIMBASA_CITY,4,0,152,16,200
NIMBASA_GYM_OLD,0,0,1144,16,168
NIMBASA_GYM,0,0,632,16,168
,,,,,
./temp/6_00000069.bin,,,,,
NIMBASA_CITY,5,0,104,0,312
,,,,,
./temp/6_00000070.bin,,,,,
GEAR_STATION_PLATFORM_1,0,1,3,9,65532
GEAR_STATION_PLATFORM_2,0,1,3,2,65532
GEAR_STATION_PLATFORM_3,0,1,1,12,65532
GEAR_STATION_PLATFORM_4,0,1,1,6,65532
GEAR_STATION_PLATFORM_5,0,1,2,12,65532
GEAR_STATION_PLATFORM_6,0,1,0,3,65532
GEAR_STATION_PLATFORM_7,0,1,2,6,65532
GEAR_STATION_PLATFORM_8,0,1,0,9,65532
MAP_65535_UNK,65535,1,5,0,0
,,,,,
./temp/6_00000071.bin,,,,,
GEAR_STATION,0,0,40,8,184
,,,,,
./temp/6_00000072.bin,,,,,
GEAR_STATION,1,0,40,8,184
,,,,,
./temp/6_00000073.bin,,,,,
GEAR_STATION,2,0,40,8,184
,,,,,
./temp/6_00000074.bin,,,,,
GEAR_STATION,3,0,40,8,184
,,,,,
./temp/6_00000075.bin,,,,,
GEAR_STATION,4,0,40,8,184
,,,,,
./temp/6_00000076.bin,,,,,
GEAR_STATION,5,0,40,8,184
,,,,,
./temp/6_00000077.bin,,,,,
GEAR_STATION,6,0,40,8,184
,,,,,
./temp/6_00000078.bin,,,,,
GEAR_STATION,7,0,40,8,184
,,,,,
./temp/6_00000081.bin,,,,,
NIMBASA_CITY,6,0,216,0,328
,,,,,
./temp/6_00000083.bin,,,,,
NIMBASA_CITY,3,0,168,0,312
MAP_65535_UNK,65535,0,184,65504,136
BIG_STADIUM_STANDS,0,0,184,32,24
,,,,,
./temp/6_00000084.bin,,,,,
BIG_STADIUM,2,0,248,56,472
,,,,,
./temp/6_00000085.bin,,,,,
BIG_STADIUM,1,0,152,0,472
,,,,,
./temp/6_00000086.bin,,,,,
BIG_STADIUM,1,0,152,0,984
,,,,,
./temp/6_00000087.bin,,,,,
BIG_STADIUM,1,0,168,0,472
,,,,,
./temp/6_00000088.bin,,,,,
NIMBASA_CITY,9,0,168,0,312
SMALL_COURT_STANDS,0,0,184,32,24
MAP_65535_UNK,65535,0,184,65504,136
,,,,,
./temp/6_00000089.bin,,,,,
SMALL_COURT,1,0,248,56,472
,,,,,
./temp/6_00000090.bin,,,,,
SMALL_COURT,2,0,104,0,408
,,,,,
./temp/6_00000091.bin,,,,,
SMALL_COURT,2,0,104,0,408
,,,,,
./temp/6_00000092.bin,,,,,
NIMBASA_CITY,8,0,104,0,168
NIMBASA_HOUSE_NW_2F,0,0,136,0,40
,,,,,
./temp/6_00000093.bin,,,,,
NIMBASA_HOUSE_NW,1,0,168,0,40
,,,,,
./temp/6_00000095.bin,,,,,
NIMBASA_CITY,1,0,248,0,72
ROUTE_5,0,0,24,0,72
,,,,,
./temp/6_00000096.bin,,,,,
ROUTE_16,1,0,248,0,72
NIMBASA_CITY,2,0,24,0,72
,,,,,
./temp/6_00000097.bin,,,,,
NIMBASA_CITY,11,0,104,0,216
,,,,,
./temp/6_00000098.bin,,,,,
NIMBASA_HOUSE_NE_2F,0,0,136,0,40
NIMBASA_CITY,10,0,104,0,168
,,,,,
./temp/6_00000099.bin,,,,,
NIMBASA_HOUSE_NE,0,0,168,0,40
,,,,,
./temp/6_00000100.bin,,,,,
NIMBASA_PARK,2,0,216,32,728
,,,,,
./temp/6_00000101.bin,,,,,
DRIFTVEIL_DRAWBRIDGE,0,0,3944,0,6904
DRIFTVEIL_HOUSE_NW,0,0,2808,0,6600
DRIFTVEIL_HOTEL_SW,0,0,2744,0,7000
DRIFTVEIL_HOUSE_C,0,0,3032,0,6856
DRIFTVEIL_PC,0,0,3224,0,6616
DRIFTVEIL_MARKET,0,0,2792,0,6808
DRIFTVEIL_MARKET,1,0,2856,0,6744
DRIFTVEIL_MARKET,2,0,2792,0,6680
DRIFTVEIL_HOTEL_NE,0,0,3016,0,6600
DRIFTVEIL_GYM,0,0,3400,0,6408
DRIFTVEIL_PLASMA_HOUSE,0,0,3160,32,6328
DRIFTVEIL_MARKET,3,0,2728,0,6744
PWT_GATE,0,0,2824,0,7096
CLAY_TUNNEL,0,0,2680,65504,6264
,,,,,
./temp/6_00000103.bin,,,,,
DRIFTVEIL_CITY,9,0,104,0,248
,,,,,
./temp/6_00000104.bin,,,,,
DRIFTVEIL_CITY,8,0,104,0,312
,,,,,
./temp/6_00000105.bin,,,,,
DRIFTVEIL_CITY,1,s,104,0,216
,,,,,
./temp/6_00000108.bin,,,,,
DRIFTVEIL_CITY,3,0,104,0,216
,,,,,
./temp/6_00000111.bin,,,,,
DRIFTVEIL_CITY,2,0,104,0,216
,,,,,
./temp/6_00000114.bin,,,,,
DRIFTVEIL_CITY,4,0,104,0,216
,,,,,
./temp/6_00000117.bin,,,,,
DRIFTVEIL_CITY,10,0,104,0,408
,,,,,
./temp/6_00000118.bin,,,,,
DRIFTVEIL_CITY,5,0,136,0,296
DRIFTVEIL_CITY,6,0,296,0,136
DRIFTVEIL_CITY,7,0,136,0,8
DRIFTVEIL_CITY,11,0,8,0,136
,,,,,
./temp/6_00000119.bin,,,,,
DRIFTVEIL_CITY,12,0,56,0,24
PWT,2,0,56,0,232
,,,,,
./temp/6_00000120.bin,,,,,
MISTRALTON_PC,1,0,1736,0,4872
MISTRALTON_HOUSE_E,0,0,1896,0,4920
MISTRALTON_GYM,0,0,1256,0,4296
MISTRALTON_AIRPORT,1,0,1480,0,4728
MISTRALTON_HOUSE_N,1,0,1672,0,4728
CHARGESTONE_CAVE_1F,1,0,1656,0,4984
,,,,,
./temp/6_00000121.bin,,,,,
MISTRALTON_CITY,2,0,168,0,808
,,,,,
./temp/6_00000122.bin,,,,,
MISTRALTON_CITY,0,0,104,0,312
MISTRALTON_CITY,0,0,120,0,312
MISTRALTON_CITY,0,0,136,0,312
,,,,,
./temp/6_00000123.bin,,,,,
MISTRALTON_CITY,4,0,72,0,152
MISTRALTON_CITY,4,0,88,0,152
MISTRALTON_CITY,4,0,104,0,152
,,,,,
./temp/6_00000124.bin,,,,,
MISTRALTON_CITY,3,0,216,0,392
MISTRALTON_CITY,3,0,232,0,392
MISTRALTON_CITY,3,0,248,0,392
,,,,,
./temp/6_00000125.bin,,,,,
MISTRALTON_CITY,1,0,72,0,152
,,,,,
./temp/6_00000126.bin,,,,,
ICIRRUS_HOUSE_N,1,0,2936,48,2680
ICIRRUS_PC,1,0,2952,48,3128
ICIRRUS_HOUSE_E,0,0,2968,48,2904
ICIRRUS_GYM,0,0,2744,48,2680
TWIST_MOUNTAIN_LOWER_CAVES,3,0,2728,0,3336
ICIRRUS_HOUSE_W,0,0,2712,48,2904
ICIRRUS_EX_PLASMA_HOUSE,1,0,3368,0,3480
,,,,,
./temp/6_00000127.bin,,,,,
ICIRRUS_CITY,3,0,264,0,1016
,,,,,
./temp/6_00000128.bin,,,,,
ICIRRUS_CITY,1,0,104,0,312
ICIRRUS_CITY,1,0,120,0,312
ICIRRUS_CITY,1,0,136,0,312
,,,,,
./temp/6_00000129.bin,,,,,
ICIRRUS_CITY,2,0,72,0,152
,,,,,
./temp/6_00000130.bin,,,,,
ICIRRUS_CITY,0,0,88,0,152
ICIRRUS_CITY,0,0,104,0,152
ICIRRUS_CITY,0,0,120,0,152
,,,,,
./temp/6_00000131.bin,,,,,
ICIRRUS_CITY,6,0,72,0,152
ICIRRUS_CITY,6,0,88,0,152
ICIRRUS_CITY,6,0,104,0,152
,,,,,
./temp/6_00000132.bin,,,,,
ICIRRUS_CITY,5,0,88,0,168
,,,,,
./temp/6_00000133.bin,,,,,
OPELUCID_GATE_W,1,0,6152,0,2792
OPELUCID_PC,0,0,6808,0,2760
OPELUCID_GYM,0,0,6488,0,2312
OPELUCID_DRAYDEN_HOUSE,0,0,6696,0,2552
OPELUCID_HOUSE_NE,0,0,6792,0,2312
OPELUCID_HOUSE_SMALL_W,0,0,6376,0,2632
OPELUCID_HOUSE_SMALL_E,0,0,6808,0,2472
OPELUCID_GATE_E,0,0,7160,0,2792
OPELUCID_HOUSE_N,0,0,6648,0,2312
,,,,,
./temp/6_00000134.bin,,,,,
OPELUCID_CITY,2,0,360,0,888
,,,,,
./temp/6_00000135.bin,,,,,
OPELUCID_CITY,1,0,104,0,312
,,,,,
./temp/6_00000136.bin,,,,,
OPELUCID_CITY,3,0,136,0,232
OPELUCID_DRAYDEN_HOUSE_2F,0,0,168,8,72
,,,,,
./temp/6_00000137.bin,,,,,
OPELUCID_DRAYDEN_HOUSE,1,0,152,65528,72
,,,,,
./temp/6_00000138.bin,,,,,
OPELUCID_CITY,4,0,136,0,232
OPELUCID_HOUSE_NE_2F,0,0,168,8,72
,,,,,
./temp/6_00000139.bin,,,,,
OPELUCID_HOUSE_NE,1,0,152,65528,72
,,,,,
./temp/6_00000140.bin,,,,,
OPELUCID_CITY,5,0,136,0,232
OPELUCID_HOUSE_SMALL_W_2F,0,0,168,8,72
,,,,,
./temp/6_00000141.bin,,,,,
OPELUCID_HOUSE_SMALL_W,1,0,152,65528,72
,,,,,
./temp/6_00000142.bin,,,,,
OPELUCID_CITY,6,0,136,0,232
OPELUCID_HOUSE_SMALL_E_2F,0,0,168,8,72
,,,,,
./temp/6_00000143.bin,,,,,
OPELUCID_HOUSE_SMALL_E,1,0,152,65528,72
,,,,,
./temp/6_00000144.bin,,,,,
ROUTE_9,1,0,24,0,72
OPELUCID_CITY,0,0,248,0,72
,,,,,
./temp/6_00000145.bin,,,,,
,,,,,
./temp/6_00000146.bin,,,,,
OPELUCID_CITY,7,0,24,0,72
ROUTE_11,1,0,248,0,72
,,,,,
./temp/6_00000147.bin,,,,,
OPELUCID_CITY,8,0,136,0,232
OPELUCID_HOUSE_N_2F,0,0,168,8,72
,,,,,
./temp/6_00000148.bin,,,,,
OPELUCID_HOUSE_N,1,0,152,65528,72
,,,,,
./temp/6_00000149.bin,,,,,
VICTORY_ROAD_REMAINS,1,0,456,0,936
POKEMON_LEAGUE_MAIN_CHAMBER,0,0,504,8,728
POKEMON_LEAGUE_PC,0,0,296,0,760
,,,,,
./temp/6_00000150.bin,,,,,
MAP_65535_UNK,65535,0,488,8,824
SHAUNTAL_CHAMBER,0,1,1,5,0
MARSHAL_CHAMBER,0,1,8,5,0
CAITLIN_CHAMBER,0,1,6,3,0
GRIMSLEY_CHAMBER,0,1,3,3,0
,,,,,
./temp/6_00000151.bin,,,,,
MAP_144_UNK,0,0,504,752,40
,,,,,
./temp/6_00000153.bin,,,,,
POKEMON_LEAGUE_MAIN_CHAMBER,1,0,232,0,488
,,,,,
./temp/6_00000154.bin,,,,,
POKEMON_LEAGUE_MAIN_CHAMBER,4,0,232,0,488
,,,,,
./temp/6_00000155.bin,,,,,
POKEMON_LEAGUE_MAIN_CHAMBER,2,0,232,0,488
,,,,,
./temp/6_00000156.bin,,,,,
POKEMON_LEAGUE_MAIN_CHAMBER,3,0,232,0,488
,,,,,
./temp/6_00000157.bin,,,,,
MAP_138_UNK,0,0,248,0,984
,,,,,
./temp/6_00000159.bin,,,,,
POKEMON_LEAGUE,2,0,104,0,312
,,,,,
./temp/6_00000160.bin,,,,,
UNITY_TOWER_INT,0,0,6328,0,11944
,,,,,
./temp/6_00000161.bin,,,,,
UNITY_TOWER_EXT,0,0,264,0,360
,,,,,
./temp/6_00000163.bin,,,,,
ASPERTIA_GATE,0,0,840,16,11368
ASPERTIA_PLAYERS_HOUSE,0,0,760,16,12184
ASPERTIA_HOUSE_SW_1F,0,0,616,16,12184
ASPERTIA_HUGH_HOUSE_1F,0,0,696,16,12008
ASPERTIA_GYM_TRAINERS_SCHOOL,0,0,632,24,11816
ASPERTIA_PC,0,0,776,16,11832
ASPERTIA_HOUSE_NE_1F,0,0,952,16,11576
,,,,,
./temp/6_00000164.bin,,,,,
ASPERTIA_CITY,4,0,136,0,408
ASPERTIA_GYM_COURTYARD,0,0,152,0,24
,,,,,
./temp/6_00000165.bin,,,,,
ASPERTIA_GYM_TRAINERS_SCHOOL,1,0,216,0,392
,,,,,
./temp/6_00000166.bin,,,,,
ASPERTIA_CITY,5,0,104,0,312
,,,,,
./temp/6_00000167.bin,,,,,
ASPERTIA_CITY,1,0,72,0,168
,,,,,
./temp/6_00000168.bin,,,,,
ASPERTIA_CITY,3,0,88,0,184
ASPERTIA_HUGH_HOUSE_2F,0,0,120,0,24
,,,,,
./temp/6_00000169.bin,,,,,
ASPERTIA_HUGH_HOUSE_1F,1,0,152,0,40
,,,,,
./temp/6_00000170.bin,,,,,
ASPERTIA_CITY,2,0,88,0,184
ASPERTIA_HOUSE_SW_2F,0,0,120,0,24
,,,,,
./temp/6_00000171.bin,,,,,
ASPERTIA_HOUSE_SW_1F,1,0,152,0,40
,,,,,
./temp/6_00000172.bin,,,,,
ASPERTIA_CITY,6,0,88,0,184
ASPERTIA_HOUSE_NE_2F,0,0,120,0,24
,,,,,
./temp/6_00000173.bin,,,,,
ASPERTIA_HOUSE_NE_1F,1,0,152,0,40
,,,,,
./temp/6_00000174.bin,,,,,
VIRBANK_GATE_W,1,0,3096,0,10408
VIRBANK_PC,0,0,3368,0,10376
VIRBANK_HOUSE_NE,0,0,3592,0,10376
VIRBANK_HOUSE_SW,0,0,3224,0,10696
VIRBANK_HOUSE_S,0,0,3608,0,10696
VIRBANK_PORT_BUILDING,0,0,3880,0,10696
VIRBANK_GYM_HALLWAY,1,0,3656,0,10680
VIRBANK_GATE_N,0,0,3464,0,10248
,,,,,
./temp/6_00000175.bin,,,,,
MAP_502_UNK,0,0,136,65440,8
MAP_448_UNK,6,0,24,16,264
,,,,,
./temp/6_00000176.bin,,,,,
VIRBANK_GYM_HALLWAY,0,0,120,0,248
,,,,,
./temp/6_00000177.bin,,,,,
MAP_448_UNK,1,0,104,0,312
,,,,,
./temp/6_00000178.bin,,,,,
MAP_448_UNK,2,0,88,0,152
,,,,,
./temp/6_00000179.bin,,,,,
MAP_448_UNK,3,0,72,0,184
,,,,,
./temp/6_00000180.bin,,,,,
MAP_448_UNK,4,0,88,0,152
,,,,,
./temp/6_00000181.bin,,,,,
MAP_448_UNK,5,0,88,0,184
,,,,,
./temp/6_00000182.bin,,,,,
MAP_448_UNK,7,0,72,0,232
MAP_566_UNK,0,0,72,0,24
,,,,,
./temp/6_00000183.bin,,,,,
HUMILAU_PC,0,0,12408,65456,2824
HUMILAU_GYM,0,0,12536,65472,2760
HUMILAU_HOUSE_SE,0,0,12728,65480,2488
HUMILAU_HOUSE_SW,0,0,12440,65480,2456
HUMILAU_HOUSE_N,0,0,12472,65480,2232
HUMILAU_HOUSE_NE,0,0,12760,65480,2136
HUMILAU_HOUSE_NW,0,0,12360,65480,2136
MARINE_TUBE_3,0,0,12664,65472,2872
,,,,,
./temp/6_00000184.bin,,,,,
HUMILAU_CITY,1,0,248,0,1208
,,,,,
./temp/6_00000185.bin,,,,,
HUMILAU_CITY,0,0,104,0,312
,,,,,
./temp/6_00000186.bin,,,,,
HUMILAU_CITY,2,0,88,0,152
,,,,,
./temp/6_00000187.bin,,,,,
HUMILAU_CITY,3,0,88,0,152
,,,,,
./temp/6_00000188.bin,,,,,
HUMILAU_CITY,4,0,88,0,152
,,,,,
./temp/6_00000189.bin,,,,,
HUMILAU_CITY,5,0,88,0,152
,,,,,
./temp/6_00000190.bin,,,,,
HUMILAU_CITY,6,0,88,0,152
,,,,,
./temp/6_00000191.bin,,,,,
HUMILAU_CITY,7,0,24,12,88
MARINE_TUBE_2,1,0,344,65524,328
,,,,,
./temp/6_00000192.bin,,,,,
VIRBANK_GATE_N,1,0,488,0,968
POKESTAR_STUDIO_STUDIO,0,0,312,16,328
POKESTAR_STUDIO_THEATER,0,0,712,40,296
,,,,,
./temp/6_00000193.bin,,,,,
POKESTAR_STUDIO_STUDIO,1,0,232,0,280
,,,,,
./temp/6_00000194.bin,,,,,
MAP_566_UNK,1,0,216,0,344
MAP_567_UNK,0,0,232,0,184
MAP_586_UNK,0,0,24,48,104
,,,,,
./temp/6_00000195.bin,,,,,
MAP_566_UNK,2,0,232,0,504
,,,,,
./temp/6_00000196.bin,,,,,
POKESTAR_STUDIO_STUDIO,2,0,296,48,264
,,,,,
./temp/6_00000197.bin,,,,,
ROUTE_4_BLACK,6,0,184,0,1256
ROUTE_4_WHITE,6,0,184,0,1256
NIMBASA_CITY,0,0,200,0,152
JOIN_AVENUE_BUILDING,0,0,168,0,1128
,,,,,
./temp/6_00000198.bin,,,,,
JOIN_AVENUE,3,0,120,0,216
,,,,,
./temp/6_00000201.bin,,,,,
DREAMYARD_UNDERGROUND,0,0,840,0,184
DREAMYARD_UNDERGROUND,1,0,840,0,744
STRIATON_CITY,6,0,136,0,424
DREAMYARD_UNDERGROUND,2,0,328,0,616
,,,,,
./temp/6_00000202.bin,,,,,
DREAMYARD,0,0,424,0,56
DREAMYARD,1,0,424,0,440
DREAMYARD,3,0,56,0,328
,,,,,
./temp/6_00000203.bin,,,,,
PINWHEEL_FOREST,0,0,9352,0,9416
,,,,,
./temp/6_00000204.bin,,,,,
PINWHEEL_FOREST_ENTRANCE,0,0,1384,0,1176
SKYARROW_BRIDGE_PINWHEEL_GATE,0,0,1160,0,376
RUMINATION_FIELD,0,0,1720,0,440
,,,,,
./temp/6_00000205.bin,,,,,
PINWHEEL_FOREST,2,0,248,0,376
,,,,,
./temp/6_00000206.bin,,,,,
DESERT_RESORT_GATE,0,0,5928,0,7816
,,,,,
./temp/6_00000207.bin,,,,,
DESERT_RESORT_GATE,1,0,1320,0,1336
RELIC_CASTLE_1F,2,0,984,32,472
,,,,,
./temp/6_00000208.bin,,,,,
DESERT_RESORT_ENTRANCE,0,0,72,0,232
DESERT_RESORT,0,0,72,0,24
,,,,,
./temp/6_00000209.bin,,,,,
RELIC_CASTLE_B1F,1,0,120,0,328
RELIC_CASTLE_B1F,0,0,376,0,104
DESERT_RESORT,1,0,392,0,392
,,,,,
./temp/6_00000210.bin,,,,,
RELIC_CASTLE_1F,1,0,424,0,72
RELIC_CASTLE_1F,0,0,296,0,312
,,,,,
./temp/6_00000224.bin,,,,,
RELIC_CASTLE_ROOM_C,0,0,200,0,120
RELIC_CASTLE_ROOM_A,0,0,8,0,120
,,,,,
./temp/6_00000225.bin,,,,,
RELIC_CASTLE_ROOM_E,0,0,200,0,120
RELIC_CASTLE_ROOM_C,1,0,8,0,120
,,,,,
./temp/6_00000227.bin,,,,,
RELIC_CASTLE_ROOM_D,0,0,8,0,120
,,,,,
./temp/6_00000229.bin,,,,,
RELIC_CASTLE_ROOM_B,1,0,200,0,120
RELIC_PASSAGE_MIDDLE,3,0,88,0,248
,,,,,
./temp/6_00000230.bin,,,,,
RELIC_CASTLE_ROOM_B,0,0,8,0,120
RELIC_CASTLE_ROOM_D,1,0,200,0,120
RELIC_CASTLE_VOLCARONA_ROOM,0,0,104,0,24
,,,,,
./temp/6_00000231.bin,,,,,
RELIC_CASTLE_ROOM_C,2,0,264,0,440
,,,,,
./temp/6_00000240.bin,,,,,
PWT,0,0,3160,0,7448
RELIC_PASSAGE_PWT,1,0,2680,65504,7576
PWT_GATE,1,0,2824,0,7304
PLASMA_FRIGATE_DECK,4,0,3192,65528,7912
,,,,,
./temp/6_00000241.bin,,,,,
PWT,0,0,232,0,424
PWT_BACK_ROOM,0,0,232,0,24
,,,,,
./temp/6_00000242.bin,,,,,
PWT,1,0,680,0,232
,,,,,
./temp/6_00000243.bin,,,,,
CHARGESTONE_CAVE_1F,0,0,1720,16,5432
,,,,,
./temp/6_00000244.bin,,,,,
ROUTE_6_CHARGESTONE,0,0,120,0,968
MISTRALTON_CITY,5,0,1208,0,88
CHARGESTONE_CAVE_B1F,1,0,1064,0,808
CHARGESTONE_CAVE_B1F,0,0,360,0,680
CHARGESTONE_CAVE_B1F,2,0,888,0,88
,,,,,
./temp/6_00000245.bin,,,,,
CHARGESTONE_CAVE_1F,3,0,376,0,680
CHARGESTONE_CAVE_1F,2,0,984,0,808
CHARGESTONE_CAVE_1F,4,0,856,0,88
CHARGESTONE_CAVE_B2F,0,0,664,0,136
,,,,,
./temp/6_00000246.bin,,,,,
CHARGESTONE_CAVE_B1F,3,0,152,0,120
,,,,,
./temp/6_00000247.bin,,,,,
TWIST_MOUNTAIN_UPPER_CAVE,0,0,2248,80,3240
,,,,,
./temp/6_00000248.bin,,,,,
TWIST_MOUNTAIN_UPPER_CAVE,1,0,216,40,760
TWIST_MOUNTAIN_UPPER_CAVE,2,0,536,40,872
TWIST_MOUNTAIN_UPPER_CAVE,3,0,776,40,824
TWIST_MOUNTAIN_UPPER_CAVE,4,0,888,40,616
TWIST_MOUNTAIN_UPPER_CAVE,5,0,792,40,296
TWIST_MOUNTAIN_MIDDLE_CAVE,0,0,744,65496,680
TWIST_MOUNTAIN_MIDDLE_CAVE,1,0,280,65496,680
TWIST_MOUNTAIN_MIDDLE_CAVE,2,0,232,65496,408
TWIST_MOUNTAIN_MIDDLE_CAVE,3,0,360,65496,248
TWIST_MOUNTAIN_LOWER_CAVES,1,0,376,65416,344
TWIST_MOUNTAIN_LOWER_CAVES,2,0,648,65416,360
TWIST_MOUNTAIN_LOWER_CAVES,0,0,408,65382,584
TWIST_MOUNTAIN_LOWER_CAVES,7,0,712,65448,536
TWIST_MOUNTAIN_MIDDLE_CAVE,8,0,536,65496,312
TWIST_MOUNTAIN_MIDDLE_CAVE,9,0,696,65496,232
TWIST_MOUNTAIN_UPPER_CAVE,8,0,696,40,136
TWIST_MOUNTAIN_HOUSE,0,0,344,65416,488
,,,,,
./temp/6_00000249.bin,,,,,
TWIST_MOUNTAIN_ENTRANCE,0,0,72,0,984
TWIST_MOUNTAIN_OUTSIDE,0,0,280,0,776
TWIST_MOUNTAIN_OUTSIDE,1,0,584,0,808
TWIST_MOUNTAIN_OUTSIDE,2,0,792,0,760
TWIST_MOUNTAIN_OUTSIDE,3,0,856,0,584
TWIST_MOUNTAIN_OUTSIDE,4,0,552,0,72
TWIST_MOUNTAIN_MIDDLE_CAVE,5,0,776,65488,296
TWIST_MOUNTAIN_MIDDLE_CAVE,6,0,120,65488,88
TWIST_MOUNTAIN_OUTSIDE,15,0,360,0,280
,,,,,
./temp/6_00000250.bin,,,,,
TWIST_MOUNTAIN_OUTSIDE,5,0,744,0,856
TWIST_MOUNTAIN_OUTSIDE,6,0,472,0,952
TWIST_MOUNTAIN_OUTSIDE,7,0,424,0,680
TWIST_MOUNTAIN_OUTSIDE,8,0,120,0,472
TWIST_MOUNTAIN_LOWER_CAVES,4,0,120,0,88
TWIST_MOUNTAIN_UPPER_CAVE,6,0,952,0,648
TWIST_MOUNTAIN_UPPER_CAVE,7,0,440,0,184
TWIST_MOUNTAIN_LOWER_CAVES,6,0,904,65488,152
TWIST_MOUNTAIN_OUTSIDE,13,0,344,0,472
TWIST_MOUNTAIN_OUTSIDE,14,0,904,0,472
,,,,,
./temp/6_00000251.bin,,,,,
TWIST_MOUNTAIN_OUTSIDE,11,0,72,0,984
TWIST_MOUNTAIN_OUTSIDE,9,0,120,0,424
TWIST_MOUNTAIN_OUTSIDE,10,0,808,0,472
ICIRRUS_CITY,4,0,984,0,232
TWIST_MOUNTAIN_MIDDLE_CAVE,4,0,392,48,200
TWIST_MOUNTAIN_ICE_ROCK_CAVE,0,0,344,65488,792
TWIST_MOUNTAIN_MIDDLE_CAVE,7,0,680,0,104
TWIST_MOUNTAIN_OUTSIDE,12,0,792,0,776
,,,,,
./temp/6_00000252.bin,,,,,
TWIST_MOUNTAIN_LOWER_CAVES,5,0,120,0,424
TWIST_MOUNTAIN_REGIGIGAS_ROOM,4,0,344,0,408
CLAY_TUNNEL_THIRD_ROOM,0,0,216,0,88
,,,,,
./temp/6_00000253.bin,,,,,
TWIST_MOUNTAIN_ICE_ROCK_CAVE,2,0,248,0,472
,,,,,
./temp/6_00000254.bin,,,,,
TWIST_MOUNTAIN_OUTSIDE,16,0,56,0,168
,,,,,
./temp/6_00000255.bin,,,,,
DRAGONSPIRAL_TOWER_EXTERIOR_BRIDGE,0,0,2872,48,2264
,,,,,
./temp/6_00000256.bin,,,,,
DRAGONSPIRAL_TOWER_EXTERIOR_ICIRRUS,0,0,344,0,824
DRAGONSPIRAL_TOWER_1F,0,0,344,0,552
,,,,,
./temp/6_00000257.bin,,,,,
DRAGONSPIRAL_TOWER_EXTERIOR_BRIDGE,1,0,232,0,488
DRAGONSPIRAL_TOWER_2F,0,0,408,0,8
,,,,,
./temp/6_00000258.bin,,,,,
DRAGONSPIRAL_TOWER_1F,1,0,248,0,424
DRAGONSPIRAL_TOWER_3F,0,0,8,48,216
,,,,,
./temp/6_00000259.bin,,,,,
DRAGONSPIRAL_TOWER_2F,1,1,0,1,0
DRAGONSPIRAL_TOWER_4F,0,1,4,1,65532
,,,,,
./temp/6_00000260.bin,,,,,
DRAGONSPIRAL_TOWER_3F,1,0,504,112,248
DRAGONSPIRAL_TOWER_5F,0,0,248,352,24
,,,,,
./temp/6_00000261.bin,,,,,
DRAGONSPIRAL_TOWER_4F,1,1,26,1,0
DRAGONSPIRAL_TOWER_6F,0,1,4,4,0
,,,,,
./temp/6_00000262.bin,,,,,
DRAGONSPIRAL_TOWER_5F,1,0,280,0,456
DRAGONSPIRAL_TOWER_7F,0,0,152,0,392
,,,,,
./temp/6_00000263.bin,,,,,
DRAGONSPIRAL_TOWER_6F,1,0,184,0,392
,,,,,
./temp/6_00000264.bin,,,,,
VICTORY_ROAD_4F,0,1,1,1,65534
MAP_65535_UNK,65535,1,0,2,65534
,,,,,
./temp/6_00000278.bin,,,,,
VICTORY_ROAD_REMAINS,0,0,152,0,168
VICTORY_ROAD_OUTSIDE_UPPER,5,0,360,0,216
,,,,,
./temp/6_00000279.bin,,,,,
,,,,,
./temp/6_00000280.bin,,,,,
GIANT_CHASM_CAVE,0,0,10952,65504,2440
,,,,,
./temp/6_00000281.bin,,,,,
GIANT_CHASM_ENTRANCE,0,0,376,0,1000
CRATER_FOREST_DAMAGED,0,0,376,65440,808
CRATER_FOREST_FROZEN,0,0,376,65440,808
ROUTE_22,0,0,1000,0,200
ROUTE_23,1,0,24,0,360
,,,,,
./temp/6_00000282.bin,,,,,
GIANT_CHASM_CAVE,1,0,424,64,1272
GIANT_CHASM_CAVE_DEPTHS,1,0,1000,64,344
,,,,,
./temp/6_00000283.bin,,,,,
GIANT_CHASM_CAVE,2,0,424,64,1272
GIANT_CHASM_CAVE_DEPTHS,1,0,1000,64,344
MAP_562_UNK,2,0,680,64,792
PLASMA_FRIGATE_GHETSIS_ROOM,0,0,792,64,1032
,,,,,
./temp/6_00000284.bin,,,,,
CRATER_FOREST_DAMAGED,1,0,264,0,488
CRATER_FOREST_FROZEN,1,0,264,0,488
GIANT_CHASM_KYUREM_ROOM,0,0,264,0,24
,,,,,
./temp/6_00000285.bin,,,,,
GIANT_CHASM_CAVE_DEPTHS,2,0,248,0,744
,,,,,
./temp/6_00000286.bin,,,,,
THUMB_PIER,2,0,1432,72,328
CASTELIA_CITY_CLEARING,0,0,728,72,312
RELIC_PASSAGE_CASTELIA,2,0,824,0,8
CASTELIA_SEWERS_ROOM_W,0,0,184,0,504
CASTELIA_SEWERS_ROOM_N,0,0,296,0,296
CASTELIA_SEWERS_ROOM_C,0,0,488,0,504
CASTELIA_SEWERS_ROOM_E,0,0,792,0,504
CASTELIA_CITY_BACK_ALLEY,0,0,408,55,24
,,,,,
./temp/6_00000287.bin,,,,,
CASTELIA_SEWERS,3,0,72,0,184
,,,,,
./temp/6_00000288.bin,,,,,
CASTELIA_SEWERS,6,0,72,0,184
,,,,,
./temp/6_00000289.bin,,,,,
CASTELIA_SEWERS,4,0,184,0,248
,,,,,
./temp/6_00000290.bin,,,,,
CASTELIA_SEWERS,5,0,184,0,248
,,,,,
./temp/6_00000291.bin,,,,,
LIBERTY_GARDEN_LIGHTHOUSE,0,0,4872,32,12088
,,,,,
./temp/6_00000292.bin,,,,,
LIBERTY_GARDEN,0,0,120,144,376
LIBERTY_GARDEN_BASEMENT,0,0,136,0,24
,,,,,
./temp/6_00000293.bin,,,,,
LIBERTY_GARDEN_LIGHTHOUSE,1,0,56,0,168
,,,,,
./temp/6_00000294.bin,,,,,
P2_LAB,0,0,11608,0,11384
PLASMA_FRIGATE_DECK,7,0,11672,0,11464
,,,,,
./temp/6_00000295.bin,,,,,
P2_LAB_EXTERIOR,0,0,88,0,152
,,,,,
./temp/6_00000296.bin,,,,,
SEASIDE_CAVE_1F,0,0,12520,65456,4200
,,,,,
./temp/6_00000297.bin,,,,,
ABYSSAL_RUINS_MAIN_CHAMBER,0,1,3,4,65535
,,,,,
./temp/6_00000298.bin,,,,,
ABYSSAL_RUINS_MAIN_CHAMBER,2,1,3,4,65535
,,,,,
./temp/6_00000299.bin,,,,,
ABYSSAL_RUINS_MAIN_CHAMBER,3,1,3,4,65535
,,,,,
./temp/6_00000300.bin,,,,,
ABYSSAL_RUINS_MAIN_CHAMBER,1,1,3,4,65535
,,,,,
./temp/6_00000301.bin,,,,,
ABYSSAL_RUINS_N_DIVE,0,0,1384,48,376
ABYSSAL_RUINS_S_DIVE,0,0,1096,48,2504
ABYSSAL_RUINS_E_DIVE,0,0,88,48,1496
ABYSSAL_RUINS_W_DIVE,0,0,2248,48,1448
,,,,,
./temp/6_00000305.bin,,,,,
MAP_445_UNK,0,0,2264,32,10072
,,,,,
./temp/6_00000306.bin,,,,,
MAP_444_UNK,0,0,728,32,872
,,,,,
./temp/6_00000307.bin,,,,,
MAP_457_UNK,0,0,3336,0,11096
,,,,,
./temp/6_00000308.bin,,,,,
MAP_456_UNK,0,0,264,0,280
,,,,,
./temp/6_00000309.bin,,,,,
REVERSAL_MOUNTAIN_1F_W_BLACK,1,0,10472,65424,4712
REVERSAL_MOUNTAIN_1F_W_WHITE,1,0,10472,65424,4712
REVERSAL_MOUNTAIN_1F_S_BLACK,2,0,10680,65488,4904
REVERSAL_MOUNTAIN_1F_S_WHITE,2,0,10680,65488,4904
REVERSAL_MOUNTAIN_1F_S_BLACK,1,0,10776,65488,4792
REVERSAL_MOUNTAIN_1F_S_WHITE,1,0,10776,65488,4792
STRANGE_HOUSE_MAIN_ROOM,0,0,10936,65472,4872
,,,,,
./temp/6_00000310.bin,,,,,
REVERSAL_MOUNTAIN_MAIN_CHAMBER_BLACK,0,0,472,0,72
REVERSAL_MOUNTAIN_EXTERIOR,0,0,408,65504,440
,,,,,
./temp/6_00000311.bin,,,,,
REVERSAL_MOUNTAIN_MAIN_CHAMBER_BLACK,2,0,440,32,104
,,,,,
./temp/6_00000312.bin,,,,,
REVERSAL_MOUNTAIN_1F_W_BLACK,0,0,72,0,152
REVERSAL_MOUNTAIN_1F_S_BLACK,0,0,136,32,920
REVERSAL_MOUNTAIN_B1F_E_BLACK,0,0,1256,32,744
REVERSAL_MOUNTAIN_B1F_W_BLACK,0,0,648,0,792
REVERSAL_MOUNTAIN_1F_E_BLACK,0,0,1464,0,152
,,,,,
./temp/6_00000313.bin,,,,,
REVERSAL_MOUNTAIN_MAIN_CHAMBER_BLACK,3,0,168,65504,408
,,,,,
./temp/6_00000314.bin,,,,,
REVERSAL_MOUNTAIN_MAIN_CHAMBER_BLACK,1,0,136,32,40
REVERSAL_MOUNTAIN_EXTERIOR,4,0,216,32,120
REVERSAL_MOUNTAIN_EXTERIOR,2,0,136,32,248
,,,,,
./temp/6_00000315.bin,,,,,
REVERSAL_MOUNTAIN_MAIN_CHAMBER_BLACK,4,0,344,0,72
UNDELLA_TOWN,5,0,440,65504,408
,,,,,
./temp/6_00000316.bin,,,,,
REVERSAL_MOUNTAIN_MAIN_CHAMBER_WHITE,0,0,472,32,72
REVERSAL_MOUNTAIN_EXTERIOR,1,0,408,0,440
,,,,,
./temp/6_00000317.bin,,,,,
REVERSAL_MOUNTAIN_MAIN_CHAMBER_WHITE,3,0,344,16,408
,,,,,
./temp/6_00000318.bin,,,,,
REVERSAL_MOUNTAIN_1F_W_WHITE,0,0,72,0,152
REVERSAL_MOUNTAIN_1F_S_WHITE,0,0,136,32,920
REVERSAL_MOUNTAIN_B1F_W_WHITE,0,0,648,0,792
REVERSAL_MOUNTAIN_B1F_E_WHITE,0,0,1000,32,472
REVERSAL_MOUNTAIN_1F_E_WHITE,0,0,1464,0,152
,,,,,
./temp/6_00000319.bin,,,,,
REVERSAL_MOUNTAIN_MAIN_CHAMBER_WHITE,2,0,168,32,408
,,,,,
./temp/6_00000320.bin,,,,,
REVERSAL_MOUNTAIN_MAIN_CHAMBER_WHITE,1,0,136,32,40
REVERSAL_MOUNTAIN_EXTERIOR,5,0,216,32,120
REVERSAL_MOUNTAIN_EXTERIOR,3,0,136,32,248
,,,,,
./temp/6_00000321.bin,,,,,
REVERSAL_MOUNTAIN_MAIN_CHAMBER_WHITE,4,0,344,32,72
UNDELLA_TOWN,6,0,440,0,408
,,,,,
./temp/6_00000322.bin,,,,,
REVERSAL_MOUNTAIN_EXTERIOR,6,0,280,0,504
STRANGE_HOUSE_BASEMENT_STATE_1,0,0,104,0,328
,,,,,
./temp/6_00000323.bin,,,,,
STRANGE_HOUSE_MAIN_ROOM,1,0,56,0,248
STRANGE_HOUSE_MAIN_CHAMBER_STATE_2,2,0,456,0,248
,,,,,
./temp/6_00000324.bin,,,,,
REVERSAL_MOUNTAIN_EXTERIOR,6,0,280,0,504
STRANGE_HOUSE_BASEMENT_STATE_2,0,0,104,0,328
STRANGE_HOUSE_BASEMENT_STATE_1,1,0,488,0,328
STRANGE_HOUSE_ROOM_SW,0,0,216,0,328
STRANGE_HOUSE_ROOM_SE,0,0,376,0,328
,,,,,
./temp/6_00000325.bin,,,,,
STRANGE_HOUSE_MAIN_CHAMBER_STATE_2,1,0,56,0,248
STRANGE_HOUSE_MAIN_CHAMBER_STATE_3,0,0,456,0,248
,,,,,
./temp/6_00000326.bin,,,,,
STRANGE_HOUSE_MAIN_CHAMBER_STATE_3,2,0,104,0,216
,,,,,
./temp/6_00000327.bin,,,,,
STRANGE_HOUSE_BASEMENT_STATE_2,1,0,488,0,328
REVERSAL_MOUNTAIN_EXTERIOR,6,0,280,0,504
STRANGE_HOUSE_LUNAR_WING_ROOM,0,0,296,64,200
STRANGE_HOUSE_ROOM_NW,0,0,184,64,216
STRANGE_HOUSE_ROOM_NE,0,0,408,64,216
,,,,,
./temp/6_00000328.bin,,,,,
STRANGE_HOUSE_MAIN_CHAMBER_STATE_2,3,0,104,0,216
,,,,,
./temp/6_00000329.bin,,,,,
STRANGE_HOUSE_MAIN_CHAMBER_STATE_2,4,0,104,0,216
,,,,,
./temp/6_00000330.bin,,,,,
STRANGE_HOUSE_MAIN_CHAMBER_STATE_3,3,0,104,0,216
,,,,,
./temp/6_00000331.bin,,,,,
STRANGE_HOUSE_MAIN_CHAMBER_STATE_3,4,0,104,0,216
,,,,,
./temp/6_00000332.bin,,,,,
VICTORY_ROAD_ENTRANCE,3,0,104,0,312
,,,,,
./temp/6_00000333.bin,,,,,
VICTORY_ROAD_1F_BLACK,0,0,456,80,248
VICTORY_ROAD_1F_WHITE,0,0,456,80,248
ROUTE_23,0,0,1272,80,936
MAP_602_UNK,0,0,696,80,264
,,,,,
./temp/6_00000334.bin,,,,,
VICTORY_ROAD_ENTRANCE,0,0,808,0,984
VICTORY_ROAD_GROVE,0,0,120,0,264
VICTORY_ROAD_OUTSIDE_LOWER_BLACK,5,0,376,0,88
VICTORY_ROAD_OUTSIDE_LOWER_BLACK,4,0,552,0,120
,,,,,
./temp/6_00000335.bin,,,,,
VICTORY_ROAD_1F_BLACK,1,0,280,0,392
VICTORY_ROAD_OUTSIDE_LOWER_BLACK,3,0,168,0,56
VICTORY_ROAD_OUTSIDE_LOWER_WHITE,0,0,168,0,56
VICTORY_ROAD_1F_WHITE,3,0,280,0,392
,,,,,
./temp/6_00000336.bin,,,,,
VICTORY_ROAD_2F,3,0,120,64,120
VICTORY_ROAD_2F,4,0,504,80,120
VICTORY_ROAD_2F,5,0,920,64,136
VICTORY_ROAD_GROVE,1,0,120,32,456
VICTORY_ROAD_1F_BLACK,3,0,1304,32,440
VICTORY_ROAD_1F_BLACK,2,0,1048,0,440
,,,,,
./temp/6_00000337.bin,,,,,
VICTORY_ROAD_3F_BACK,0,0,488,48,24
VICTORY_ROAD_OUTSIDE_UPPER,0,0,88,48,104
VICTORY_ROAD_OUTSIDE_UPPER,1,0,904,48,104
VICTORY_ROAD_OUTSIDE_LOWER_BLACK,0,0,104,0,440
VICTORY_ROAD_OUTSIDE_LOWER_BLACK,1,0,488,16,440
VICTORY_ROAD_OUTSIDE_LOWER_BLACK,2,0,920,0,440
VICTORY_ROAD_OUTSIDE_LOWER_WHITE,3,0,104,0,440
VICTORY_ROAD_OUTSIDE_LOWER_WHITE,4,0,488,16,440
VICTORY_ROAD_OUTSIDE_LOWER_WHITE,5,0,920,0,440
,,,,,
./temp/6_00000338.bin,,,,,
VICTORY_ROAD_2F,0,0,216,0,488
VICTORY_ROAD_OUTSIDE_UPPER,2,0,392,32,120
,,,,,
./temp/6_00000339.bin,,,,,
VICTORY_ROAD_2F,1,0,264,65472,760
VICTORY_ROAD_2F,2,0,856,65472,760
VICTORY_ROAD_3F_BACK,1,0,472,128,344
VICTORY_ROAD_3F,0,0,712,128,296
VICTORY_ROAD_3F,1,0,424,32,504
VICTORY_ROAD_4F,1,0,536,272,24
VICTORY_ROAD_2F_BACK,0,0,568,32,504
,,,,,
./temp/6_00000340.bin,,,,,
VICTORY_ROAD_OUTSIDE_UPPER,3,0,456,0,200
VICTORY_ROAD_OUTSIDE_UPPER,4,0,200,65392,344
,,,,,
./temp/6_00000341.bin,,,,,
VICTORY_ROAD_ENTRANCE,1,0,808,0,984
VICTORY_ROAD_OUTSIDE_LOWER_WHITE,1,0,552,0,120
VICTORY_ROAD_OUTSIDE_LOWER_WHITE,2,0,376,0,88
VICTORY_ROAD_GROVE,3,0,120,0,264
,,,,,
./temp/6_00000342.bin,,,,,
VICTORY_ROAD_GROVE,2,0,120,32,456
VICTORY_ROAD_1F_WHITE,1,0,1304,32,440
VICTORY_ROAD_1F_WHITE,2,0,1048,0,440
VICTORY_ROAD_2F,6,0,120,64,120
VICTORY_ROAD_2F,7,0,504,80,120
VICTORY_ROAD_2F,8,0,920,64,136
,,,,,
./temp/6_00000343.bin,,,,,
VICTORY_ROAD_OUTSIDE_UPPER,6,0,72,256,376
NS_CASTLE_4F,2,0,472,65496,104
,,,,,
./temp/6_00000344.bin,,,,,
PLASMA_FRIGATE_SWITCH_ROOM_BLACK,0,0,296,0,232
PLASMA_FRIGATE_LOWER_DECK,0,0,280,0,296
PLASMA_FRIGATE_LOWER_DECK,1,0,280,0,696
MAP_563_UNK,0,0,296,0,232
PWT,3,0,136,0,472
MAP_554_UNK,1,0,296,0,792
ROUTE_21,2,0,136,0,472
P2_LAB_EXTERIOR,1,0,136,0,472
,,,,,
./temp/6_00000345.bin,,,,,
PLASMA_FRIGATE_DECK,0,0,184,0,264
MAP_556_UNK,0,0,184,0,40
PLASMA_FRIGATE_LOWER_DECK_NW_ROOM_BLACK,1,0,72,0,120
PLASMA_FRIGATE_LOWER_DECK_SW_ROOM_BLACK,1,0,72,0,200
PLASMA_FRIGATE_LOWER_DECK_SE_ROOM_BLACK,2,0,296,0,200
PLASMA_FRIGATE_LOWER_DECK_E_ROOM_BLACK,2,0,296,0,120
MAP_562_UNK,0,0,184,0,264
,,,,,
./temp/6_00000346.bin,,,,,
MAP_562_UNK,1,0,184,0,8
PLASMA_FRIGATE_DECK,5,0,184,0,8
,,,,,
./temp/6_00000348.bin,,,,,
PLASMA_FRIGATE_SWITCH_ROOM_BLACK,1,0,200,0,328
MAP_563_UNK,1,0,200,0,328
,,,,,
./temp/6_00000349.bin,,,,,
CRATER_FOREST_FROZEN,3,0,168,65472,264
,,,,,
./temp/6_00000350.bin,,,,,
PLASMA_FRIGATE_DECK,1,0,264,0,360
PLASMA_FRIGATE_DECK,2,0,264,0,728
PLASMA_FRIGATE_LOWER_DECK_NW_ROOM_BLACK,0,0,184,0,248
PLASMA_FRIGATE_LOWER_DECK_W_ROOM_BLACK,0,0,184,0,344
PLASMA_FRIGATE_LOWER_DECK_SW_ROOM_BLACK,0,0,184,0,440
PLASMA_FRIGATE_LOWER_DECK_NE_ROOM_BLACK,0,0,344,0,248
PLASMA_FRIGATE_LOWER_DECK_E_ROOM_BLACK,0,0,344,0,344
PLASMA_FRIGATE_LOWER_DECK_SE_ROOM_BLACK,0,0,344,0,440
PLASMA_FRIGATE_LOWER_DECK_NW_ROOM_WHITE,0,0,184,0,632
PLASMA_FRIGATE_KITCHEN_WHITE,0,0,184,0,728
PLASMA_FRIGATE_KITCHEN_WHITE,1,0,184,0,824
PLASMA_FRIGATE_LOWER_DECK_NE_ROOM_WHITE,0,0,344,0,632
PLASMA_FRIGATE_LOWER_DECK_E_ROOM_WHITE,0,0,344,0,728
PLASMA_FRIGATE_LOWER_DECK_SE_ROOM_WHITE,0,0,344,0,824
,,,,,
./temp/6_00000351.bin,,,,,
PLASMA_FRIGATE_LOWER_DECK,2,0,200,0,88
PLASMA_FRIGATE_SWITCH_ROOM_BLACK,2,0,40,0,40
PLASMA_FRIGATE_LOWER_DECK_NE_ROOM_BLACK,2,0,168,0,136
,,,,,
./temp/6_00000352.bin,,,,,
PLASMA_FRIGATE_LOWER_DECK,3,0,200,0,88
PLASMA_FRIGATE_LOWER_DECK_SW_ROOM_BLACK,2,0,40,0,40
PLASMA_FRIGATE_LOWER_DECK_SE_ROOM_BLACK,3,0,168,0,136
PLASMA_FRIGATE_LOWER_DECK_E_ROOM_BLACK,3,0,40,0,136
PLASMA_FRIGATE_LOWER_DECK_E_ROOM_BLACK,1,0,168,0,40
,,,,,
./temp/6_00000354.bin,,,,,
PLASMA_FRIGATE_SWITCH_ROOM_BLACK,6,0,520,0,232
MAP_554_UNK,0,0,520,0,792
CRATER_FOREST_FROZEN,2,0,360,0,472
MAP_563_UNK,2,0,520,0,232
,,,,,
./temp/6_00000355.bin,,,,,
PLASMA_FRIGATE_DECK,3,0,184,0,264
MAP_556_UNK,1,0,184,0,40
MAP_562_UNK,3,0,184,0,264
,,,,,
./temp/6_00000357.bin,,,,,
PLASMA_FRIGATE_LOWER_DECK,4,0,200,0,88
PLASMA_FRIGATE_SWITCH_ROOM_BLACK,3,0,40,0,40
PLASMA_FRIGATE_LOWER_DECK_W_ROOM_BLACK,1,0,40,0,136
PLASMA_FRIGATE_LOWER_DECK_SE_ROOM_BLACK,1,0,168,0,40
,,,,,
./temp/6_00000358.bin,,,,,
PLASMA_FRIGATE_LOWER_DECK,5,0,312,0,88
PLASMA_FRIGATE_LOWER_DECK_E_ROOM_BLACK,4,0,344,0,136
PLASMA_FRIGATE_LOWER_DECK_NW_ROOM_BLACK,2,0,472,0,40
,,,,,
./temp/6_00000359.bin,,,,,
PLASMA_FRIGATE_LOWER_DECK,6,0,312,0,88
PLASMA_FRIGATE_LOWER_DECK_W_ROOM_BLACK,4,0,344,0,136
PLASMA_FRIGATE_SWITCH_ROOM_BLACK,5,0,344,0,40
PLASMA_FRIGATE_LOWER_DECK_W_ROOM_BLACK,3,0,472,0,40
PLASMA_FRIGATE_LOWER_DECK_NE_ROOM_BLACK,1,0,472,0,136
,,,,,
./temp/6_00000360.bin,,,,,
PLASMA_FRIGATE_LOWER_DECK,7,0,312,0,88
PLASMA_FRIGATE_LOWER_DECK_SW_ROOM_BLACK,3,0,344,0,136
PLASMA_FRIGATE_SWITCH_ROOM_BLACK,4,0,472,0,136
PLASMA_FRIGATE_LOWER_DECK_W_ROOM_BLACK,2,0,472,0,40
,,,,,
./temp/6_00000361.bin,,,,,
PLASMA_FRIGATE_LOWER_DECK,8,0,200,0,88
,,,,,
./temp/6_00000362.bin,,,,,
PLASMA_FRIGATE_LOWER_DECK,11,0,312,0,88
,,,,,
./temp/6_00000363.bin,,,,,
PLASMA_FRIGATE_LOWER_DECK,12,0,312,0,88
,,,,,
./temp/6_00000364.bin,,,,,
PLASMA_FRIGATE_LOWER_DECK,13,0,312,0,88
,,,,,
./temp/6_00000365.bin,,,,,
PLASMA_FRIGATE_LOWER_DECK,9,0,200,0,104
PLASMA_FRIGATE_LOWER_DECK,10,0,200,0,264
,,,,,
./temp/6_00000366.bin,,,,,
RELIC_PASSAGE_MIDDLE,1,0,40,0,344
RELIC_PASSAGE_MIDDLE,0,0,72,0,168
CASTELIA_SEWERS,2,0,824,0,984
,,,,,
./temp/6_00000367.bin,,,,,
RELIC_PASSAGE_CASTELIA,1,0,1496,32,680
RELIC_PASSAGE_CASTELIA,0,0,1464,32,856
RELIC_PASSAGE_PWT,0,0,408,32,40
RELIC_CASTLE_ROOM_A,1,0,1432,0,72
,,,,,
./temp/6_00000368.bin,,,,,
RELIC_PASSAGE_MIDDLE,2,0,920,0,456
PWT,1,0,280,32,40
,,,,,
./temp/6_00000369.bin,,,,,
DRIFTVEIL_CITY,13,0,264,0,968
CLAY_TUNNEL_SECOND_ROOM,0,0,56,0,216
,,,,,
./temp/6_00000370.bin,,,,,
CLAY_TUNNEL,1,0,392,0,728
TWIST_MOUNTAIN_REGIGIGAS_ROOM,0,0,248,0,184
MISTRALTON_CAVE_1F,2,0,72,0,232
,,,,,
./temp/6_00000371.bin,,,,,
CLAY_TUNNEL_SECOND_ROOM,1,0,248,0,1496
TWIST_MOUNTAIN_REGIGIGAS_ROOM,2,0,456,0,904
TWIST_MOUNTAIN_REGIGIGAS_ROOM,1,0,584,0,1416
MAP_565_UNK,0,0,456,0,648
TWIST_MOUNTAIN_ICE_ROCK_CAVE,1,0,152,0,264
,,,,,
./temp/6_00000372.bin,,,,,
TWIST_MOUNTAIN_REGIGIGAS_ROOM,3,0,184,0,424
,,,,,
./temp/6_00000378.bin,,,,,
WHITE_FOREST,4,0,104,0,232
,,,,,
./temp/6_00000379.bin,,,,,
BLACK_CITY,5,0,104,0,232
,,,,,
./temp/6_00000390.bin,,,,,
UNDELLA_BAY,0,0,104,48,904
ROUTE_21,0,0,104,48,232
SEASIDE_CAVE_B1F,1,0,376,0,120
SEASIDE_CAVE_B1F,0,0,264,0,248
ROUTE_21,1,0,488,48,168
,,,,,
./temp/6_00000391.bin,,,,,
SEASIDE_CAVE_1F,3,0,152,0,232
SEASIDE_CAVE_1F,2,0,296,0,72
,,,,,
./temp/6_00000392.bin,,,,,
MAP_446_UNK,1,0,296,0,488
,,,,,
./temp/6_00000395.bin,,,,,
SKYARROW_BRIDGE,1,1,13,0,65534
SKYARROW_BRIDGE_UNK,0,1,12,4,65534
,,,,,
./temp/6_00000396.bin,,,,,
PINWHEEL_FOREST,1,0,248,16,488
SKYARROW_BRIDGE,0,0,328,16,408
,,,,,
./temp/6_00000397.bin,,,,,
SKYARROW_BRIDGE_PINWHEEL_GATE,1,0,24,0,72
SKYARROW_BRIDGE_CASTELIA_GATE,0,0,200,0,8
,,,,,
./temp/6_00000398.bin,,,,,
SKYARROW_BRIDGE_CASTELIA_GATE,1,0,136,0,184
CASTELIA_CITY,9,0,24,0,56
,,,,,
./temp/6_00000399.bin,,,,,
DRIFTVEIL_CITY,0,0,696,0,712
ROUTE_5,1,0,3400,0,712
,,,,,
./temp/6_00000400.bin,,,,,
TUBELINE_BRIDGE_GATE_S,1,0,120,0,2552
TUBELINE_BRIDGE_GATE_N,0,0,120,0,520
,,,,,
./temp/6_00000401.bin,,,,,
VILLAGE_BRIDGE_GATE_W,1,0,40,0,504
VILLAGE_BRIDGE_GATE_E,0,0,1496,0,504
MAP_256_UNK,0,1,3,3,65530
MAP_258_UNK,0,1,8,13,65530
MAP_259_UNK,0,1,14,3,65530
MAP_261_UNK,0,1,12,2,65530
MAP_260_UNK,0,1,10,2,65530
MAP_257_UNK,0,1,5,3,65530
MAP_605_UNK,0,0,488,0,632
,,,,,
./temp/6_00000402.bin,,,,,
VILLAGE_BRIDGE,2,0,88,0,152
,,,,,
./temp/6_00000403.bin,,,,,
VILLAGE_BRIDGE,7,0,88,0,152
,,,,,
./temp/6_00000404.bin,,,,,
VILLAGE_BRIDGE,3,0,88,0,152
,,,,,
./temp/6_00000405.bin,,,,,
VILLAGE_BRIDGE,4,0,88,0,152
,,,,,
./temp/6_00000406.bin,,,,,
VILLAGE_BRIDGE,6,0,88,0,152
,,,,,
./temp/6_00000407.bin,,,,,
VILLAGE_BRIDGE,5,0,88,0,152
,,,,,
./temp/6_00000409.bin,,,,,
VILLAGE_BRIDGE,8,0,264,0,152
,,,,,
./temp/6_00000410.bin,,,,,
MARVELOUS_BRIDGE_W_GATE,1,0,232,0,504
MARVELOUS_BRIDGE_E_GATE,0,0,2584,0,504
,,,,,
./temp/6_00000411.bin,,,,,
MARINE_TUBE,1,1,2,62,65534
MARINE_TUBE_3,1,1,0,3,65532
,,,,,
./temp/6_00000421.bin,,,,,
NS_ROOM,0,0,168,0,136
NS_CASTLE_5F,0,0,680,0,136
VICTORY_ROAD_2F_BACK,1,0,120,0,216
,,,,,
./temp/6_00000422.bin,,,,,
NS_CASTLE_4F,0,0,136,0,328
,,,,,
./temp/6_00000425.bin,,,,,
NS_CASTLE_4F,1,0,680,0,232
NS_CASTLE_THRONE_ROOM,0,0,376,0,136
,,,,,
./temp/6_00000426.bin,,,,,
NS_CASTLE_5F,1,0,248,0,968
,,,,,
./temp/6_00000445.bin,,,,,
MAP_304_UNK,0,0,6200,0,7016
MAP_314_UNK,0,0,7112,0,7016
,,,,,
./temp/6_00000446.bin,,,,,
MAP_301_UNK,1,0,3896,0,6920
,,,,,
./temp/6_00000447.bin,,,,,
MAP_297_UNK,0,0,1656,0,4968
,,,,,
./temp/6_00000448.bin,,,,,
MAP_298_UNK,0,0,2744,0,3336
,,,,,
./temp/6_00000449.bin,,,,,
MAP_308_UNK,1,0,6200,0,2808
MAP_309_UNK,0,0,7112,0,2808
,,,,,
./temp/6_00000450.bin,,,,,
MAP_313_UNK,1,0,184,0,824
MAP_312_UNK,0,0,824,0,200
,,,,,
./temp/6_00000451.bin,,,,,
MAP_313_UNK,1,0,168,0,824
MAP_312_UNK,0,0,824,0,200
,,,,,
./temp/6_00000452.bin,,,,,
,,,,,
./temp/6_00000453.bin,,,,,
MAP_291_UNK,0,0,1720,16,5464
,,,,,
./temp/6_00000454.bin,,,,,
MAP_292_UNK,0,0,2248,80,3256
,,,,,
./temp/6_00000457.bin,,,,,
MAP_304_UNK,1,0,3384,0,760
MAP_290_UNK,0,0,712,0,760
,,,,,
./temp/6_00000458.bin,,,,,
MAP_307_UNK,0,0,248,0,2536
MAP_308_UNK,0,0,248,0,536
,,,,,
./temp/6_00000459.bin,,,,,
MAP_314_UNK,1,0,232,0,536
MAP_313_UNK,0,0,2584,0,536
,,,,,
./temp/6_00000460.bin,,,,,
MAP_289_UNK,0,0,5992,0,7016
MAP_301_UNK,0,0,5304,0,6920
,,,,,
./temp/6_00000463.bin,,,,,
MAP_302_UNK,0,0,3880,0,2888
,,,,,
./temp/6_00000464.bin,,,,,
MAP_302_UNK,1,0,5384,0,2808
MAP_293_UNK,0,0,5992,0,2808
,,,,,
./temp/6_00000465.bin,,,,,
MAP_293_UNK,1,0,7320,0,2808
MAP_310_UNK,0,0,8008,0,2808
,,,,,
./temp/6_00000466.bin,,,,,
MAP_309_UNK,1,0,9384,0,2808
,,,,,
./temp/6_00000467.bin,,,,,
MAP_316_UNK,0,0,12056,65456,4552
,,,,,
./temp/6_00000468.bin,,,,,
MAP_294_UNK,1,0,11080,48,5976
,,,,,
./temp/6_00000469.bin,,,,,
MAP_303_UNK,1,0,9368,0,6984
MAP_294_UNK,0,0,10088,0,6840
,,,,,
./temp/6_00000470.bin,,,,,
MAP_289_UNK,1,0,7320,0,7016
MAP_303_UNK,0,0,8024,0,6904
,,,,,
./temp/6_00000472.bin,,,,,
MAP_311_UNK,0,0,12056,65456,4792
,,,,,
./temp/6_00000473.bin,,,,,
ROUTE_1_GATE,0,0,11880,0,11960
,,,,,
./temp/6_00000474.bin,,,,,
ROUTE_1,0,0,248,0,72
ROUTE_17,0,0,24,0,72
,,,,,
./temp/6_00000475.bin,,,,,
ACCUMULA_GATE,1,0,12184,0,10360
,,,,,
./temp/6_00000476.bin,,,,,
ACCUMULA_TOWN,5,0,248,0,72
ROUTE_2,0,0,24,0,72
,,,,,
./temp/6_00000477.bin,,,,,
NACRENE_GATE,0,0,10856,0,9576
ROUTE_3_PRESCHOOL,2,0,11848,16,8888
ROUTE_3_DAYCARE,2,0,11992,16,8888
WELLSPRING_CAFE_1F,0,0,10872,16,8872
,,,,,
./temp/6_00000478.bin,,,,,
ROUTE_3,1,0,72,0,184
ROUTE_3,1,0,104,0,184
ROUTE_3,1,0,88,0,184
,,,,,
./temp/6_00000479.bin,,,,,
ROUTE_3,2,0,88,0,216
ROUTE_3,2,0,120,0,216
ROUTE_3,2,0,104,0,216
,,,,,
./temp/6_00000480.bin,,,,,
ROUTE_3,3,0,488,0,88
WELLSPRING_CAFE_B1F,0,0,440,0,376
,,,,,
./temp/6_00000481.bin,,,,,
WELLSPRING_CAFE_1F,1,0,40,16,936
,,,,,
./temp/6_00000482.bin,,,,,
ROUTE_4_CONSTRUCTION_HOUSE,0,0,6312,0,8584
ROUTE_4_APARTMENT_S,1,0,6952,0,9080
ROUTE_4_APARTMENT_E,1,0,6952,0,8936
ROUTE_4_APARTMENT_N,1,0,6952,0,8600
ROUTE_4_APARTMENT_W,1,0,6824,0,8776
CASTELIA_GATE_N,1,0,6872,0,9592
JOIN_AVENUE,0,0,6872,16,7848
,,,,,
./temp/6_00000483.bin,,,,,
MAP_519_UNK,0,0,136,0,40
ROUTE_4_BLACK,1,0,104,0,168
,,,,,
./temp/6_00000484.bin,,,,,
ROUTE_4_APARTMENT_S,0,0,168,0,40
,,,,,
./temp/6_00000485.bin,,,,,
ROUTE_4_BLACK,0,0,56,0,168
,,,,,
./temp/6_00000486.bin,,,,,
MAP_521_UNK,0,0,136,0,40
ROUTE_4_BLACK,2,0,104,0,168
,,,,,
./temp/6_00000487.bin,,,,,
ROUTE_4_APARTMENT_E,0,0,168,0,40
,,,,,
./temp/6_00000488.bin,,,,,
MAP_523_UNK,0,0,136,0,40
ROUTE_4_BLACK,4,0,104,0,168
,,,,,
./temp/6_00000489.bin,,,,,
ROUTE_4_APARTMENT_W,0,0,168,0,40
,,,,,
./temp/6_00000490.bin,,,,,
MAP_525_UNK,0,0,136,0,40
ROUTE_4_BLACK,3,0,104,0,168
,,,,,
./temp/6_00000491.bin,,,,,
ROUTE_4_APARTMENT_N,0,0,168,0,40
,,,,,
./temp/6_00000492.bin,,,,,
ROUTE_4_WHITE,0,0,104,0,168
,,,,,
./temp/6_00000493.bin,,,,,
ROUTE_4_WHITE,1,0,104,0,168
,,,,,
./temp/6_00000494.bin,,,,,
ROUTE_4_WHITE,2,0,104,0,168
,,,,,
./temp/6_00000495.bin,,,,,
ROUTE_4_WHITE,3,0,104,0,168
,,,,,
./temp/6_00000496.bin,,,,,
ROUTE_4_WHITE,4,0,104,0,168
,,,,,
./temp/6_00000497.bin,,,,,
ROUTE_4_HOUSE_S,0,0,6920,65488,9208
ROUTE_4_HOUSE_NE,0,0,7048,65488,8776
ROUTE_4_HOUSE_C_R,0,0,6792,65488,8824
ROUTE_4_HOUSE_C_L,0,0,6696,65488,8824
ROUTE_4_HOUSE_W,0,0,6328,65488,8968
CASTELIA_GATE_N,2,0,6872,0,9592
JOIN_AVENUE,1,0,6872,16,7848
,,,,,
./temp/6_00000498.bin,,,,,
NIMBASA_GATE_W,1,0,6040,0,7000
DRIFTVEIL_DRAWBRIDGE,1,0,5272,0,6904
ROUTE_5_TRAILER,0,0,5848,0,6952
,,,,,
./temp/6_00000499.bin,,,,,
ROUTE_5,2,0,72,0,88
,,,,,
./temp/6_00000500.bin,,,,,
SEASON_RESEARCH_HOUSE,0,0,2168,0,5912
MISTRALTON_CAVE_1F,0,0,2504,0,5784
ROUTE_6_HOUSE,0,0,1864,0,5784
,,,,,
./temp/6_00000501.bin,,,,,
ROUTE_6,0,0,88,0,152
,,,,,
./temp/6_00000502.bin,,,,,
ROUTE_6,1,0,24,0,104
MISTRALTON_CAVE_2F,0,0,216,16,264
CLAY_TUNNEL_SECOND_ROOM,2,0,424,65520,408
,,,,,
./temp/6_00000503.bin,,,,,
MISTRALTON_CAVE_1F,1,0,72,0,328
MISTRALTON_CAVE_3F,0,0,280,0,200
,,,,,
./temp/6_00000504.bin,,,,,
MISTRALTON_CAVE_2F,1,0,264,0,440
,,,,,
./temp/6_00000505.bin,,,,,
ROUTE_6,2,0,88,0,152
,,,,,
./temp/6_00000506.bin,,,,,
CELESTIAL_TOWER_1F,0,0,1720,0,3720
ROUTE_7_HOUSE_N,0,0,1640,0,4168
ROUTE_7_HOUSE_W,0,0,2088,0,3880
,,,,,
./temp/6_00000507.bin,,,,,
ROUTE_7,0,0,248,0,456
CELESTIAL_TOWER_2F,0,1,0,23,65535
,,,,,
./temp/6_00000508.bin,,,,,
CELESTIAL_TOWER_1F,1,0,280,0,360
CELESTIAL_TOWER_3F,0,1,0,8,65535
,,,,,
./temp/6_00000509.bin,,,,,
CELESTIAL_TOWER_2F,1,0,248,0,136
CELESTIAL_TOWER_4F,0,1,0,8,65535
,,,,,
./temp/6_00000510.bin,,,,,
CELESTIAL_TOWER_3F,1,0,264,0,328
CELESTIAL_TOWER_ROOF,0,1,2,7,65535
,,,,,
./temp/6_00000511.bin,,,,,
CELESTIAL_TOWER_4F,1,0,344,80,232
,,,,,
./temp/6_00000512.bin,,,,,
ROUTE_7,1,0,88,0,152
,,,,,
./temp/6_00000513.bin,,,,,
ROUTE_7,2,0,88,0,152
,,,,,
./temp/6_00000514.bin,,,,,
TUBELINE_BRIDGE_GATE_S,0,0,3912,0,2888
MOOR_OF_ICIRRUS,0,0,3736,0,2648
,,,,,
./temp/6_00000515.bin,,,,,
MAP_345_UNK,1,0,472,0,792
,,,,,
./temp/6_00000516.bin,,,,,
MAP_345_UNK,0,0,24,0,120
TUBELINE_BRIDGE,0,0,248,0,136
TUBELINE_BRIDGE,0,0,248,0,120
TUBELINE_BRIDGE,0,0,248,0,152
,,,,,
./temp/6_00000517.bin,,,,,
TUBELINE_BRIDGE_GATE_N,1,0,5368,0,2808
OPELUCID_GATE_W,0,0,6040,0,2792
SHOPPING_MALL_NINE,0,0,5720,0,2680
,,,,,
./temp/6_00000518.bin,,,,,
TUBELINE_BRIDGE,1,0,8,0,136
ROUTE_9,0,0,232,0,120
TUBELINE_BRIDGE,1,0,8,0,120
TUBELINE_BRIDGE,1,0,8,0,152
,,,,,
./temp/6_00000519.bin,,,,,
ROUTE_9,2,0,232,0,456
SHOPPING_MALL_NINE_BACK_ROOM,0,0,376,0,216
,,,,,
./temp/6_00000520.bin,,,,,
SHOPPING_MALL_NINE,1,0,88,0,152
,,,,,
./temp/6_00000534.bin,,,,,
VILLAGE_BRIDGE_GATE_W,0,0,8056,0,2792
OPELUCID_GATE_E,1,0,7272,0,2792
ROUTE_11_TRAILER,0,0,7800,0,2760
,,,,,
./temp/6_00000535.bin,,,,,
ROUTE_11,0,0,24,0,72
VILLAGE_BRIDGE,0,0,248,0,72
,,,,,
./temp/6_00000536.bin,,,,,
ROUTE_11,2,0,72,0,88
,,,,,
./temp/6_00000537.bin,,,,,
VILLAGE_BRIDGE_GATE_E,1,0,9336,0,2792
,,,,,
./temp/6_00000538.bin,,,,,
VILLAGE_BRIDGE,1,0,24,0,72
ROUTE_12,0,0,248,0,72
,,,,,
./temp/6_00000539.bin,,,,,
ROUTE_13_HOUSE_NW,0,0,10312,65456,3320
UNDELLA_GATE_N,0,0,12040,65456,4600
ROUTE_13_HOUSE_C,0,0,10840,65456,3752
,,,,,
./temp/6_00000540.bin,,,,,
ROUTE_13,0,0,88,0,152
,,,,,
./temp/6_00000541.bin,,,,,
ROUTE_13,1,0,72,0,24
UNDELLA_TOWN,3,0,72,0,232
,,,,,
./temp/6_00000542.bin,,,,,
ROUTE_13,2,0,88,0,152
,,,,,
./temp/6_00000543.bin,,,,,
ROUTE_14,0,0,10840,0,5720
BLACK_CITY_GATE_N,1,0,11064,48,6024
,,,,,
./temp/6_00000544.bin,,,,,
BLACK_CITY,0,0,72,0,232
ROUTE_15,1,0,72,0,24
,,,,,
./temp/6_00000545.bin,,,,,
ROUTE_15,0,0,808,0,872
MAP_377_UNK,0,0,584,16,744
,,,,,
./temp/6_00000546.bin,,,,,
ROUTE_14,1,0,72,0,152
,,,,,
./temp/6_00000547.bin,,,,,
BLACK_CITY_GATE_W,0,0,10136,0,6824
MARVELOUS_BRIDGE_E_GATE,1,0,9336,0,6968
MAP_381_UNK,0,0,9736,80,6808
MAP_382_UNK,0,0,9464,0,6904
,,,,,
./temp/6_00000548.bin,,,,,
ROUTE_16,0,0,24,0,72
BLACK_CITY,1,0,248,0,72
,,,,,
./temp/6_00000549.bin,,,,,
MARVELOUS_BRIDGE,1,0,72,0,24
ROUTE_16,1,0,376,0,104
,,,,,
./temp/6_00000550.bin,,,,,
ROUTE_16,2,0,152,0,376
,,,,,
./temp/6_00000551.bin,,,,,
ROUTE_16,3,0,72,0,88
,,,,,
./temp/6_00000552.bin,,,,,
MARVELOUS_BRIDGE_W_GATE,0,0,8056,0,6904
NIMBASA_GATE_E,0,0,7272,0,7000
LOSTLORN_FOREST,0,0,7736,0,6664
,,,,,
./temp/6_00000553.bin,,,,,
ROUTE_15,0,0,24,0,136
MARVELOUS_BRIDGE,0,0,328,0,56
,,,,,
./temp/6_00000554.bin,,,,,
ROUTE_16,2,0,200,0,840
,,,,,
./temp/6_00000556.bin,,,,,
ROUTE_18_HOUSE,0,0,10184,80,11800
,,,,,
./temp/6_00000557.bin,,,,,
ROUTE_18,0,0,56,0,168
,,,,,
./temp/6_00000558.bin,,,,,
ASPERTIA_GATE,1,0,840,16,11256
,,,,,
./temp/6_00000559.bin,,,,,
ASPERTIA_CITY,0,0,72,0,232
ROUTE_19,0,0,72,0,24
,,,,,
./temp/6_00000560.bin,,,,,
VIRBANK_GATE_W,0,0,2968,0,10408
CAVE_OF_BEING,0,0,2200,32,11096
,,,,,
./temp/6_00000561.bin,,,,,
MAP_446_UNK,0,0,24,0,72
MAP_448_UNK,0,0,248,0,72
,,,,,
./temp/6_00000562.bin,,,,,
GIANT_CHASM_CAVE,3,0,11352,65504,2184
,,,,,
./temp/6_00000563.bin,,,,,
VICTORY_ROAD_ENTRANCE,2,0,9912,119,1112
GIANT_CHASM_CAVE,4,0,10632,65504,2216
ROUTE_23_HOUSE_S,0,0,10600,0,2104
ROUTE_23_HOUSE_N,0,0,10680,0,1336
,,,,,
./temp/6_00000564.bin,,,,,
ROUTE_23,2,0,88,0,152
,,,,,
./temp/6_00000565.bin,,,,,
ROUTE_23,3,0,88,0,152
,,,,,
./temp/6_00000566.bin,,,,,
NUVEMA_HOUSE_C,0,0,12520,0,11976
NUVEMA_HOUSE_SW,0,0,12424,0,12120
NUVEMA_HOUSE_SE,0,0,12600,0,12120
NUVEMA_LAB,0,0,12440,0,11848
,,,,,
./temp/6_00000567.bin,,,,,
NUVEMA_TOWN,0,0,88,0,168
NUVEMA_HOUSE_C_2F,0,0,40,0,40
,,,,,
./temp/6_00000568.bin,,,,,
NUVEMA_HOUSE_C,1,0,152,0,40
,,,,,
./temp/6_00000569.bin,,,,,
NUVEMA_TOWN,1,0,88,0,168
NUVEMA_HOUSE_SW_2F,0,0,184,0,40
,,,,,
./temp/6_00000570.bin,,,,,
NUVEMA_HOUSE_SW,1,0,40,0,40
,,,,,
./temp/6_00000571.bin,,,,,
NUVEMA_TOWN,2,0,88,0,168
NUVEMA_HOUSE_SE_2F,0,0,184,0,40
,,,,,
./temp/6_00000572.bin,,,,,
NUVEMA_HOUSE_SE,1,0,40,0,40
,,,,,
./temp/6_00000573.bin,,,,,
NUVEMA_TOWN,3,0,56,0,184
,,,,,
./temp/6_00000574.bin,,,,,
ACCUMULA_PC,0,0,12744,0,10520
ACCUMULA_HOUSE_S,0,0,12344,65455,10568
ACCUMULA_HOUSE_NW,0,0,12568,0,10344
ACCUMULA_HOUSE_NE,0,0,12440,0,10344
ACCUMULA_HOUSE_SMALL,0,0,12712,80,10376
ACCUMULA_GATE,0,0,12296,0,10360
,,,,,
./temp/6_00000575.bin,,,,,
ACCUMULA_TOWN,0,0,104,0,312
,,,,,
./temp/6_00000576.bin,,,,,
ACCUMULA_TOWN,1,0,104,0,168
ACCUMULA_HOUSE_S_2F,0,0,136,0,40
,,,,,
./temp/6_00000577.bin,,,,,
ACCUMULA_HOUSE_S,1,0,168,0,40
,,,,,
./temp/6_00000578.bin,,,,,
ACCUMULA_TOWN,2,0,104,0,168
ACCUMULA_HOUSE_NW_2F,0,0,136,0,40
,,,,,
./temp/6_00000579.bin,,,,,
ACCUMULA_HOUSE_NW,1,0,168,0,40
,,,,,
./temp/6_00000580.bin,,,,,
ACCUMULA_TOWN,3,0,104,0,168
ACCUMULA_HOUSE_NE_2F,0,0,136,0,40
,,,,,
./temp/6_00000581.bin,,,,,
ACCUMULA_HOUSE_NE,1,0,168,0,40
,,,,,
./temp/6_00000582.bin,,,,,
ACCUMULA_TOWN,4,0,72,0,152
,,,,,
./temp/6_00000583.bin,,,,,
LACUNOSA_PC,0,0,10568,0,2952
LACUNOSA_HOUSE_SW,0,0,10376,0,2952
LACUNOSA_HOUSE_BIG,0,0,10440,0,2712
LACUNOSA_HOUSE_N,0,0,10520,0,2712
LACUNOSA_HOUSE_NE,0,0,10680,80,2648
,,,,,
./temp/6_00000584.bin,,,,,
LACUNOSA_TOWN,0,0,104,0,312
,,,,,
./temp/6_00000585.bin,,,,,
LACUNOSA_TOWN,1,0,88,0,152
,,,,,
./temp/6_00000586.bin,,,,,
LACUNOSA_TOWN,2,0,88,0,152
,,,,,
./temp/6_00000587.bin,,,,,
LACUNOSA_TOWN,3,0,88,0,152
,,,,,
./temp/6_00000588.bin,,,,,
LACUNOSA_TOWN,4,0,88,0,152
,,,,,
./temp/6_00000589.bin,,,,,
UNDELLA_TOWN_PC,0,0,12168,65472,4792
UNDELLA_TOWN_VILLA_W,0,0,11656,65472,4760
MARINE_TUBE,0,0,11784,65472,4776
UNDELLA_GATE_N,1,0,12040,65456,4728
UNDELLA_TOWN_VILLA_E,0,0,11928,65472,4760
REVERSAL_MOUNTAIN_1F_E_BLACK,1,0,11352,65440,4792
REVERSAL_MOUNTAIN_1F_E_WHITE,1,0,11352,65440,4792
,,,,,
./temp/6_00000590.bin,,,,,
UNDELLA_TOWN,0,0,104,0,312
,,,,,
./temp/6_00000591.bin,,,,,
UNDELLA_TOWN,2,0,88,12,280
MARINE_TUBE_2,0,0,424,65524,8
,,,,,
./temp/6_00000592.bin,,,,,
UNDELLA_TOWN,1,0,88,0,152
,,,,,
./temp/6_00000593.bin,,,,,
UNDELLA_TOWN,4,0,88,0,152
,,,,,
./temp/6_00000595.bin,,,,,
ANVILLE_HOUSE_N,0,0,648,80,600
ANVILLE_HOUSE_SW,0,0,568,80,760
ANVILLE_HOUSE_SE,0,0,712,80,760
,,,,,
./temp/6_00000596.bin,,,,,
ANVILLE_TOWN,0,0,72,0,152
,,,,,
./temp/6_00000597.bin,,,,,
ANVILLE_TOWN,1,0,72,0,152
,,,,,
./temp/6_00000598.bin,,,,,
ANVILLE_TOWN,2,0,72,0,152
,,,,,
./temp/6_00000599.bin,,,,,
FLOCCESY_PC,0,0,1688,16,11096
FLOCCESY_HOUSE_SW,0,0,1880,16,11096
FLOCCESY_HOUSE_SE,0,0,1960,16,11096
FLOCCESY_ALDERS_HOUSE,0,0,1720,32,10584
PLEDGE_GROVE,0,0,1880,32,10280
,,,,,
./temp/6_00000600.bin,,,,,
FLOCCESY_TOWN,0,0,104,0,312
,,,,,
./temp/6_00000601.bin,,,,,
FLOCCESY_TOWN,3,0,88,0,200
,,,,,
./temp/6_00000602.bin,,,,,
FLOCCESY_TOWN,1,0,88,0,152
,,,,,
./temp/6_00000603.bin,,,,,
FLOCCESY_TOWN,2,0,88,0,152
,,,,,
./temp/6_00000604.bin,,,,,
FLOCCESY_TOWN,4,0,248,0,888
,,,,,
./temp/6_00000605.bin,,,,,
LENTIMAS_TOWN_HOUSE_N,0,0,10024,65456,4872
LENTIMAS_TOWN_PC,0,0,10152,65456,4872
LENTIMAS_TOWN_HOUSE_S,0,0,10024,65456,5032
,,,,,
./temp/6_00000606.bin,,,,,
LENTIMAS_TOWN,1,0,104,0,312
,,,,,
./temp/6_00000607.bin,,,,,
LENTIMAS_TOWN,0,0,88,0,152
,,,,,
./temp/6_00000608.bin,,,,,
LENTIMAS_TOWN,2,0,88,0,152
,,,,,
./temp/6_00000609.bin,,,,,
,,,,,
./temp/6_00000610.bin,,,,,
ROUTE_1_GATE,1,0,11768,0,11960
,,,,,
./temp/6_00000611.bin,,,,,
SEASIDE_CAVE_1F,1,0,12520,65456,3880
SEASIDE_CAVE_1F,4,0,12664,65456,3864
PLASMA_FRIGATE_DECK,6,0,12808,65456,3864
,,,,,
./temp/6_00000612.bin,,,,,
BLACK_CITY_GATE_N,0,0,840,0,152
BLACK_CITY_GATE_W,1,0,136,0,792
WHITE_FOREST_PC,0,0,728,0,584
WHITE_FOREST_HOUSE,0,0,296,0,744
WHITE_TREEHOLLOW,0,1,0,10,0
,,,,,
./temp/6_00000613.bin,,,,,
WHITE_FOREST,2,0,104,0,312
,,,,,
./temp/6_00000614.bin,,,,,
WHITE_FOREST,3,0,88,0,152
,,,,,
./temp/6_00000615.bin,,,,,
